trained,mw_significant,t_significant,mw_pval,t_pval,acc0_mean,acc1_mean,acc0_p25,acc1_p25,acc0_p50,acc1_p50,acc0_p75,acc1_p75,word_ppl_trend,mw_significant,t_significant,mw_pval,t_pval,acc0_mean,acc1_mean,acc0_p25,acc1_p25,acc0_p50,acc1_p50,acc0_p75,acc1_p75,byte_ppl_trend,mw_significant,t_significant,mw_pval,t_pval,acc0_mean,acc1_mean,acc0_p25,acc1_p25,acc0_p50,acc1_p50,acc0_p75,acc1_p75,log_word_ppl_trend
untrained,True,True,0.0,6.787407060405068e-06,17351904.395090092,16000490.596548492,6347.686854675094,2521.2746703531516,73411.3707629648,35209.689831823394,849100.8255591942,532308.3029880048,True,True,True,0.0,7.466664336585808e-173,3.0256681611475584,3.1532941095246145,1.9569679652944494,2.0492831517813297,2.435208482845595,2.62046127895746,3.6055170916504644,3.7151030821952284,False,True,True,0.0,0.0,11.354088358396716,10.74065865705616,8.755845749798944,7.832519868667941,11.203834117542613,10.469076603016955,13.651933215913319,13.184978103637697,True
trained,True,True,0.0,9.570836133224384e-08,4623.823968880307,4247.189194354314,75.1853174613237,60.605841660275225,212.9931588941342,165.7872726840953,820.9280897297701,623.623343431664,True,True,True,1.5351622500427636e-16,5.953760553469003e-19,2.264097322705459,2.245185139508599,1.7517193788509962,1.752971742883873,2.060608893218457,2.0439518157267003,2.5097682731368827,2.4650501709678476,True,True,True,0.0,0.0,5.710160624471576,5.484941316529624,4.319955965367759,4.104391285462916,5.361260047325721,5.110705476648667,6.71043551698023,6.4355465698242185,True
